subject_code,subject_name,missing_schemes,possible_abbrs,suggested_abbr
20111,PHARMACEUTICS- THEORY,PH1J,PHT-TH (PH-1-J),PHT-TH
20112,PHARMACEUTICAL CHEMISTRY- THEORY,PH1J,PCT-TH (PH-1-J),PCT-TH
20113,PHARMACOGNOSY- THEORY,PH1J,PYT-TH (PH-1-J),PYT-TH
20114,HUMAN ANATOMY & PHYSIOLOGY- THEORY,PH1J,HPT-TH (PH-1-J),HPT-TH
20115,SOCIAL PHARMACY- THEORY,PH1J,SPT-TH (PH-1-J),SPT-TH
20221,PHARMACOLOGY - THEORY,PH2J,PGT-TH (PH-2-J),PGT-TH
20222,COMMUNITY PHARMACY & MANAGEMENT - THEORY,PH2J,CMT-TH (PH-2-J),CMT-TH
20223,BIOCHEMISTRY & CLINICAL PATHOLOGY - THEORY,PH2J,BCT-TH (PH-2-J),BCT-TH
20224,PHARMACOTHERAPEUTICS - THEORY,PH2J,PTT-TH (PH-2-J),PTT-TH
20225,HOSPITAL & CLINICAL PHARMACY - THEORY,PH2J,HCT-TH (PH-2-J),HCT-TH
20226,PHARMACY LAW & ETHICS - THEORY,PH2J,PLT-TH (PH-2-J),PLT-TH
22201,APPLIED MATHEMATICS,"AA2I, CE2C, CE2G, CE2I, CR2I, CS2I","AME-TH (AO-2-I, EE-2-E, EE-2-G, EE-2-I, EJ-2-I, EP-2-I, ET-2-I, EX-2-I, IC-2-I, IE-2-E, IE-2-I, IS-2-I, MU-2-I), AMI-TH (AN-2-I, BD-2-I, CM-2-E, CM-2-G, CM-2-I, CO-2-I, CW-2-I, HA-2-I, IF-2-I, IH-2-I, TE-2-I), AMP-TH (AE-2-I, CH-2-G, CH-2-I, ME-2-C, ME-2-E, ME-2-I, MK-2-I, PG-2-I), AMS-TH (AA-2-I, AA-2-K, AE-2-K, AI-2-K, AL-2-I, AL-2-K, AN-2-K, AO-2-K, AT-2-K, BD-2-K, CE-2-E, CE-2-G, CE-2-I, CE-2-K, CH-2-K, CM-2-K, CO-2-K, CR-2-I, CR-2-K, CS-2-I, CS-2-K, CW-2-K, DS-2-K, EE-2-K, EJ-2-K, EP-2-K, ET-2-K, EX-2-K, HA-2-K, IC-2-K, IE-2-K, IF-2-K, IH-2-K, IS-2-K, IX-2-K, LE-2-K, ME-2-K, MK-2-K, MU-2-K, PG-2-K, TE-2-K)",NULL
22210,APPLIED MATHEMATICS,"AO2I, EE2I, EJ2I, EP2I, ET2I, EX2I, IC2I, IE2E, IE2I, IS2I, MU2I","AME-TH (AO-2-I, EE-2-E, EE-2-G, EE-2-I, EJ-2-I, EP-2-I, ET-2-I, EX-2-I, IC-2-I, IE-2-E, IE-2-I, IS-2-I, MU-2-I), AMI-TH (AN-2-I, BD-2-I, CM-2-E, CM-2-G, CM-2-I, CO-2-I, CW-2-I, HA-2-I, IF-2-I, IH-2-I, TE-2-I), AMP-TH (AE-2-I, CH-2-G, CH-2-I, ME-2-C, ME-2-E, ME-2-I, MK-2-I, PG-2-I), AMS-TH (AA-2-I, AA-2-K, AE-2-K, AI-2-K, AL-2-I, AL-2-K, AN-2-K, AO-2-K, AT-2-K, BD-2-K, CE-2-E, CE-2-G, CE-2-I, CE-2-K, CH-2-K, CM-2-K, CO-2-K, CR-2-I, CR-2-K, CS-2-I, CS-2-K, CW-2-K, DS-2-K, EE-2-K, EJ-2-K, EP-2-K, ET-2-K, EX-2-K, HA-2-K, IC-2-K, IE-2-K, IF-2-K, IH-2-K, IS-2-K, IX-2-K, LE-2-K, ME-2-K, MK-2-K, MU-2-K, PG-2-K, TE-2-K)",AME-TH
22303,MECHANICS OF STRUCTURES,"AL3I, CE2A, CE3G, CE3I, CE4C, CE4E, CR3I, CS3I, LE3I","MOS-TH (AL-3-I, CE-3-G, CE-3-I, CE-4-C, CE-4-E, CR-3-I, CS-3-I, LE-3-I)",NULL
22306,STRENGTH OF MATERIALS,"AE3I, ME3C, ME3E, ME3G, ME3I, PG3I","SOM-TH (AE-3-G, AE-3-I, AE-3-K, AL-3-K, CE-3-K, CR-3-K, CS-3-K, LE-3-K, ME-3-C, ME-3-E, ME-3-G, ME-3-I, ME-3-K, PG-3-I, PG-3-K, PME-3-F)",SOM-TH
22308,AUTOMOBILE ENGINES,AE3I,AEN-TH (AE-3-I),AEN-TH
22310,BASIC ELECTRICAL AND ELECTRONICS ENGINEERING,"AE3I, AL3I, ME3I","BEE-TH (AE-3-I, AL-3-I, ME-3-I)",BEE-TH
22318,COMPUTER GRAPHICS,"CM3I, CO3I, CW3I","CGR-TH (CM-3-I, CO-3-I, CW-3-I)",CGR-TH
22319,DATABASE MANAGEMENT SYSTEM,"AN3I, BD3I, CM3G, CM3I, CO3C, CO3G, CO3I, CW3I","DMS-TH (AI-3-K, AN-3-I, AN-3-K, BD-3-I, BD-3-K, CM-3-I, CM-3-K, CO-3-C, CO-3-G, CO-3-I, CO-3-K, CW-3-I, CW-3-K, DS-3-K, HA-3-I, HA-3-K, IF-3-K, IH-3-I, IH-3-K, TE-3-I, TE-3-K)",NULL
22320,PRINCIPLES OF DIGITAL TECHNIQUES,"AN3I, AO3I, CM3G, CM3I, CO3G, CO3I, CW3I, EJ3E, EJ3G, EJ3I, ET3E, ET3I, EX3I, IC3I, IE3I, IF3C, IS3G, IS3I, MU3I, TE3I","DTE-TH (AN-3-I, AO-3-I, CM-3-C, CM-3-I, CO-3-E, CO-3-G, CO-3-I, CW-3-I, EJ-3-E, EJ-3-G, EJ-3-I, ET-2-A, ET-3-I, EX-3-I, HA-3-I, IC-3-I, IE-3-I, IS-3-I, MU-3-I, TE-3-I)",NULL
22324,ELECTRICAL CIRCUITS,"EE3E, EE3G, EE3I, EP3I","ECI-TH (EE-2-A, EE-3-E, EE-3-G, EE-3-I, EP-3-I)",ECI-TH
22325,ELECTRICAL AND ELECTRONIC MEASUREMENTS,"EE3G, EE3I, EP3I","EEM-TH (EE-3-E, EE-3-G, EE-3-I, EP-3-I)",EEM-TH
22337,THERMAL ENGINEERING,"ME3I, PG3I","TEG-TH (ME-3-K, PME-3-F), TEN-TH (ME-3-I, PG-3-I)",TEN-TH
22342,ENGINEERING METROLOGY,ME3I,EME-TH (ME-3-I),EME-TH
22401,HYDRAULICS,"AL4I, CE4C, CE4E, CE4G, CE4I, CR4I, LE4I","HRY-TH (AL-4-I, CE-3-N, CE-4-C, CE-4-E, CE-4-G, CE-4-I, CR-4-I, CS-4-I, LE-4-I), HYD-TH (CE-3-S)",HRY-TH
22402,THEORY OF STRUCTURES,"CE4G, CE4I, CE5C, CE5E, CR4I, CS4I, CV6E, LE4I","TOS-TH (CE-3-A, CE-3-N, CE-4-G, CE-4-I, CE-5-C, CE-5-E, CR-4-I, CS-4-I, LE-4-I)",NULL
22403,RAILWAY AND BRIDGE ENGINEERING,"CE2A, CE4G, CE4I, CR4I, CS4I, CV4E","RBE-TH (CE-4-C, CE-4-G, CE-4-I, CR-4-I, CS-4-I)",NULL
22404,GEO-TECHNICAL ENGINEERING,"CE4C, CE4E, CE4G, CE4I, CR4I, CS4I, LE4I","GTE-TH (CE-2-A, CE-4-C, CE-4-E, CE-4-G, CE-4-I, CR-4-I, CS-4-I, LE-4-I)",GTE-TH
22412,JAVA PROGRAMMING,"AN4I, BD4I, CM4I, CO4I, CW4I, IF4I, TE4I","JPR-TH (AN-4-I, BD-4-I, CM-4-I, CO-4-I, CW-4-I, HA-4-I, IF-4-I, IH-4-I, TE-4-I)",JPR-TH
22413,SOFTWARE ENGINEERING,"AN4I, BD4I, CM4I, CO4I, CW4I, IF4I, TE4I","SEN-TH (AN-4-I, BD-4-I, CM-4-I, CO-4-I, CW-4-I, HA-4-I, IF-4-I, IH-4-I, TE-4-I)",SEN-TH
22414,DATA COMMUNICATION AND COMPUTER NETWORK,"AN4I, CM4I, CO4I, CW4I","DCC-TH (AN-4-I, CM-4-I, CO-4-G, CO-4-I, CW-4-I, HA-4-I, IH-4-I)",DCC-TH
22415,MICROPROCESSORS,"AN4I, CM4G, CM4I, CO4E, CO4G, CO4I, CW4I, IF4C","MIC-TH (AN-4-I, CM-4-C, CM-4-I, CO-4-G, CO-4-I, CW-4-I, IF-4-G)",NULL
22418,ELECTRIC MOTORS AND TRANSFORMERS,"EE4E, EE4G, EE4I, EP4I","CNE-TH (EE-2-A, EE-4-E, EE-4-G, EE-4-I, EP-4-I)",CNE-TH
22419,ELECTRICAL  POWER  TRANSMISSION AND DISTRIBUTION,"EE4G, EE4I, EP4I","EPT-TH (EE-4-E, EE-4-G, EE-4-I, EP-4-I)",EPT-TH
22420,INDUSTRIAL MEASUREMENT,"EE4E, EE4G, EE4I, EP4I, IE4I","IME-TH (EE-4-C, EE-4-E, EE-4-G, EE-4-I, EP-4-I, IE-4-I, MK-3-I)",IME-TH
22421,DIGITAL ELECTRONICS AND MICROCONTROLLER APPLICATION,"EE4I, EP4I","DEM-TH (EE-4-I, EP-4-I)",DEM-TH
22438,THEORY OF MACHINES,"AE4I, ME4C, ME4E, ME4G, ME4I","TOM-TH (AE-3-K, AE-4-I, ME-4-C, ME-4-E, ME-4-G, ME-4-I)",TOM-TH
22440,ADVANCED AUTOMOBILE ENGINES,AE4I,AAE-TH (AE-4-I),AAE-TH
22441,HEAT POWER ENGINEERING,AE4I,"HPE-TH (AE-4-G, AE-4-I)",HPE-TH
22445,FLUID MECHANICS & MECHINERY,"ME4C, ME4E, ME4G, ME4I","FMM-TH (ME-4-C, ME-4-E, ME-4-G, ME-4-I)",FMM-TH
22483,MICROCONTROLLER,HA4I,MCR-TH (HA-4-I),MCR-TH
22501,WATER RESOURCE  ENGINEERING,"CE5C, CE5E, CE5G, CE5I, CR5I, CV6E","WRE-TH (CE-5-C, CE-5-E, CE-5-G, CE-5-I, CR-5-I, CS-5-I, LE-5-I)",NULL
22502,DESIGN OF STEEL AND RCC STRUCTURES,"CC8G, CE5I, CI8G, CR5I, CS5I","DSR-TH (CE-5-I, CR-5-I, CS-5-I)",NULL
22503,"ESTIMATING, COSTING AND VALUATION","CE5E, CE5G, CE5I, CR5I, CS5I","EAC-TH (CE-5-C, CE-5-E, CE-5-G, CE-5-I, CR-5-I, CS-5-I, LE-5-I)",EAC-TH
22516,OPERATING SYSTEMS,"AN5I, BD5I, CM5G, CM5I, CO5C, CO5I, CW5I, HA5I, IF5I, TE5I","OSY-TH (AN-5-I, BD-5-I, CM-5-C, CM-5-I, CO-5-C, CO-5-E, CO-5-G, CO-5-I, CW-5-G, CW-5-I, HA-5-I, IF-5-E, IF-5-G, IF-5-I, IH-5-I, TE-5-I)",NULL
22520,ADVANCED COMPUTER NETWORK,"BD5I, CM5I, CO5I, CW5I, HA5I, IF5I","ACN-TH (BD-5-I, CM-5-I, CO-5-I, CW-5-I, HA-5-I, IF-5-I)",ACN-TH
22523,INDUSTRIAL AC MACHINES,"EE5E, EE5G, EE5I, EP5I","IAM-TH (EE-5-C, EE-5-E, EE-5-G, EE-5-I, EP-5-I)",IAM-TH
22524,SWITCHGEAR AND PROTECTION,"EE5E, EE5G, EE5I, EP5I","SAP-TH (EE-5-C, EE-5-E, EE-5-G, EE-5-I, EP-5-I)",SAP-TH
22525,ENERGY CONSERVATION AND AUDIT,"EC7G, EE5E, EE5G, EE5I, EG7G, EP5I","ECA-TH (EE-5-C, EE-5-E, EE-5-G, EE-5-I, EP-5-I)",NULL
22530,ILLUMINATION AND ELECTRIFICATION OF BUILDINGS  (ELECTIVE-I),"EE5I, EG7G, EP5I","IEB-TH (EE-5-I, EP-5-I)",NULL
22533,MOBILE AND WIRELESS COMMUNICATION,"EJ5I, ET5I, EX5I, HA5I, TE5I","MWC-TH (EJ-5-I, ET-5-I, EX-5-I, HA-5-I, TE-5-I)",MWC-TH
22558,AUTOMOBILE COMPONENT DESIGN,"AE5E, AE5I","ACD-TH (AE-5-E, AE-5-G, AE-5-I)",ACD-TH
22562,POWER ENGINEERING AND REFRIGERATION,"ME5E, ME5G, ME5I","PER-TH (ME-5-E, ME-5-G, ME-5-I)",PER-TH
22563,ADVANCED MANUFACTURING PROCESSES,"ME5G, ME5I","AMP-TH (ME-3-A, ME-5-E, ME-5-G, ME-5-I)",AMP-TH
22564,ELEMENTS OF MACHINE DESIGN,"ME5I, ME6C, ME6E, ME6G, MG8G, PG5I","EMD-TH (ME-3-A, ME-5-I, ME-6-E, ME-6-G, PG-5-I)",NULL
22566,POWER PLANT ENGINEERING  (ELECTIVE-I),ME5I,PPE-TH (ME-5-I),PPE-TH
22601,CONTRACTS & ACCOUNTS,"CC7G, CE6E, CE6G, CE6I, CI7G, CR6I, CS6I","CAA-TH (CE-6-C, CE-6-E, CE-6-G, CE-6-I, CR-6-I, CS-6-I)",NULL
22616,PROGRAMMING WITH PYTHON,"BD6I, CM6I, CO6I, CW6I, HA6I","PWP-TH (BD-6-I, CM-6-I, CO-6-I, CW-6-I, HA-6-I)",PWP-TH
22617,MOBILE APPLICATION DEVELOPMENT,"AN6I, BD6I, CM6I, CO6I, CW6I, HA6I, IF6I","MAD-TH (AN-6-I, BD-6-I, CM-6-I, CO-6-I, CW-6-I, HA-6-I, IF-6-I)",MAD-TH
22619,WEB BASED APPLICATION DEVELOPMENT USING PHP,"CM6I, CO6I, CW6I, HA6I, IF6I","WBP-TH (CM-6-I, CO-6-I, CW-6-I, HA-6-I, IF-6-I)",WBP-TH
22625,MAINTENANCE OF ELECTRIC EQUIPMENT,"EE6E, EE6G, EE6I, EP6I","MEE-TH (EE-6-C, EE-6-E, EE-6-G, EE-6-I, EP-6-I)",MEE-TH
22626,UTILIZATION OF ELECTRICAL ENERGY,"EE6I, EP6I","UEE-TH (EE-6-I, EP-6-I)",UEE-TH
22627,ELECTRICAL ESTIMATION AND CONTRACTING,"EE6I, EP6I","EEC-TH (EE-6-I, EP-6-I)",EEC-TH
22633,ELECTRIC SUBSTATION PRACTICES (EE/EP/EU),"EE6E, EE6G, EE6I, EP6I","ESP-TH (EE-6-G, EE-6-I, EP-6-I)",NULL
22650,HYDRAULIC AND PNEUMATIC CONTROLS,AE6I,HPC-TH (AE-6-I),HPC-TH
22653,AUTOMOBILE AIR CONDITIONING,"AE6G, AE6I",AAC-TH (AE-6-I),NULL
22655,INDUSTRIAL HYDRAULICS AND PNEUMATICS,"ME6C, ME6E, ME6G, ME6I","IHP-TH (ME-6-E, ME-6-G, ME-6-I)",NULL
22656,AUTOMOBILE ENGINEERING,ME6I,AEN-TH (ME-6-I),AEN-TH
22657,INDUSTRIAL ENGINEERING AND QUALITY CONTROL,ME6I,IEQ-TH (ME-6-I),IEQ-TH
22661,RENEWABLE ENERGY TECHNOLOGY,ME6I,RET-TH (ME-6-I),RET-TH
311302,BASIC MATHEMATICS,"AA1K, AD1K, AE1I, AE1K, AI1K, AN1I, AN1K, AO1I, AO1K, AT1K, BD1K, CE1G, CE1I, CE1K, CH1I, CH1K, CM1I, CM1K, CO1I, CO1K, CR1I, CR1K, CS1K, CW1I, CW1K, DC1K, DE1K, EE1G, EE1I, EE1K, EJ1I, EJ1K, EK1K, EP1K, ET1K, EX1I, EX1K, FC1K, IC1K, IE1E, IE1K, IF1I, IF1K, IH1K, IS1I, IS1K, IX1K, IZ1K, LE1K, ME1G, ME1I, ME1K, MK1I, MK1K, MRT1K, MU1K, MY1K, PG1I, PG1K, PN1K, PO1I, PO1K, TC1K, TE1I, TE1K, TX1K","BMS-TH (AA-1-I, AA-1-K, AE-1-E, AE-1-G, AE-1-I, AE-1-K, AI-1-K, AL-1-I, AL-1-K, AN-1-I, AN-1-K, AO-1-I, AO-1-K, AT-1-K, BD-1-K, CE-1-G, CE-1-I, CE-1-K, CH-1-I, CH-1-K, CM-1-G, CM-1-I, CM-1-K, CO-1-G, CO-1-I, CO-1-K, CR-1-I, CR-1-K, CS-1-I, CS-1-K, CW-1-I, CW-1-K, DC-1-I, DC-1-K, DE-1-K, DS-1-K, EE-1-E, EE-1-G, EE-1-I, EE-1-K, EJ-1-I, EJ-1-K, EK-1-K, EP-1-I, EP-1-K, ET-1-I, ET-1-K, EX-1-I, EX-1-K, FC-1-I, FC-1-K, HA-1-I, HA-1-K, IC-1-K, IE-1-E, IE-1-I, IE-1-K, IF-1-I, IF-1-K, IH-1-K, IS-1-I, IS-1-K, IX-1-K, IZ-1-K, LE-1-K, ME-1-E, ME-1-I, ME-1-K, MK-1-I, MK-1-K, MU-1-I, MU-1-K, PG-1-I, PG-1-K, PN-1-I, PN-1-K, PO-1-I, PO-1-K, SE-1-K, TC-1-I, TC-1-K, TE-1-I, TE-1-K, TX-1-I, TX-1-K)",NULL
311303,COMMUNICATION SKILLS,"AA1K, AD1K, AE1K, AI1K, AN1K, AO1K, AT1K, BD1K, CE1K, CH1K, CM1K, CO1K, CR1K, CW1K, DC1K, DD1K, DE1K, DS1K, EE1K, EJ1K, EK1K, ET1K, EX1K, FC1K, IC1K, IE1K, IF1K, IH1K, IS1K, IX1K, IZ1K, LE1K, ME1K, MK1K, ML1K, MRT1K, MU1K, MY1K, PG1K, PN1K, PO1K, SC1K, SE1K, TC1K, TE1K, TR1K, TX1K","ENG-TH (AA-1-K, AE-1-K, AI-1-K, AL-1-K, AN-1-K, AO-1-K, AT-1-K, BD-1-K, CE-1-K, CH-1-K, CM-1-K, CO-1-K, CR-1-K, CS-1-K, CW-1-K, DC-1-K, DD-1-K, DE-1-K, DS-1-K, EE-1-K, EJ-1-K, EK-1-K, EP-1-K, ET-1-K, EX-1-K, FC-1-K, IC-1-K, IE-1-K, IF-1-K, IH-1-K, IS-1-K, IX-1-K, IZ-1-K, LE-1-K, ME-1-K, MK-1-K, ML-1-K, MU-1-K, PG-1-K, PN-1-K, PO-1-K, SC-1-K, SE-1-K, TC-1-K, TE-1-K, TR-1-K, TX-1-K)",NULL
312301,APPLIED MATHEMATICS,"AA2K, AD2K, AE2I, AE2K, AI2K, AL2K, AN2I, AN2K, AO2K, AT2K, BD2I, BD2K, CE2K, CH2I, CH2K, CM2I, CM2K, CO2G, CO2I, CO2K, CR2K, CS2K, CW2I, CW2K, DE2K, DS2K, EE2K, EJ2K, EK2K, EP2K, ET2K, EX2K, IC2K, IE2K, IF2I, IF2K, IH2K, IS2K, IX2K, IZ2K, LE2K, ME2G, ME2I, ME2K, MK2I, MK2K, MRT2K, MU2K, MY2K, PG2I, PG2K, SE2K, TE2I, TE2K","AME-TH (AO-2-I, EE-2-E, EE-2-G, EE-2-I, EJ-2-I, EP-2-I, ET-2-I, EX-2-I, IC-2-I, IE-2-E, IE-2-I, IS-2-I, MU-2-I), AMI-TH (AN-2-I, BD-2-I, CM-2-E, CM-2-G, CM-2-I, CO-2-I, CW-2-I, HA-2-I, IF-2-I, IH-2-I, TE-2-I), AMP-TH (AE-2-I, CH-2-G, CH-2-I, ME-2-C, ME-2-E, ME-2-I, MK-2-I, PG-2-I), AMS-TH (AA-2-I, AA-2-K, AE-2-K, AI-2-K, AL-2-I, AL-2-K, AN-2-K, AO-2-K, AT-2-K, BD-2-K, CE-2-E, CE-2-G, CE-2-I, CE-2-K, CH-2-K, CM-2-K, CO-2-K, CR-2-I, CR-2-K, CS-2-I, CS-2-K, CW-2-K, DS-2-K, EE-2-K, EJ-2-K, EP-2-K, ET-2-K, EX-2-K, HA-2-K, IC-2-K, IE-2-K, IF-2-K, IH-2-K, IS-2-K, IX-2-K, LE-2-K, ME-2-K, MK-2-K, MU-2-K, PG-2-K, TE-2-K)",NULL
312303,PROGRAMMING IN `C`,"AI2K, AN2I, AN2K, BD2I, BD2K, CM2I, CM2K, CO2G, CO2I, CO2K, CW2I, CW2K, DS2K, EJ2I, ET2I, EX2I, IF2I, IF2K, IH2K, SE2K, TE2I","PIC-TH (AI-2-K, AN-2-K, BD-2-K, CM-2-K, CO-2-K, CW-2-K, DS-2-K, HA-2-K, IF-2-K)",NULL
312309,ELEMENTS OF ELECTRONICS,"EE2I, EE2K, EP2I, EP2K","EOE-TH (EE-2-I, EE-2-K, EP-2-I, EP-2-K)",EOE-TH
312310,FUNDAMENTAL OF ELECTRICAL ENGINEERING,"EE2I, EE2K, EP2I, EP2K","FEE-TH (EE-2-K, EP-2-K)",NULL
312311,ENGINEERING DRAWING,"AE2K, ME2K, MK2K, MRT2K, MY2K, PG2K","EDG-TH (AE-2-K, ME-2-K, MK-2-K, PG-2-K), EDR-TH (AE-2-G, AE-2-I, ME-2-E, ME-2-G, ME-2-I, MK-2-I, PG-2-I)",NULL
312312,APPLIED MECHANICS,"AE2I, AE2K, AL2K, CE2G, CE2I, CE2K, CH2I, CH2K, CR2I, CR2K, CS2K, EE2G, LE2K, ME2G, ME2I, ME2K, MK2I, MK2K, MRT2K, MY2K, PG2I, PG2K","AME-TH (AE-2-I, AL-2-I, CE-2-E, CE-2-G, CE-2-I, CH-2-G, CH-2-I, CR-2-I, CS-2-I, EE-2-E, EE-2-G, ME-2-E, ME-2-I, MK-2-I, MS-2-I, MZ-2-I, PG-2-I), EGM-TH (AE-2-K, CE-2-K, CH-2-K, CR-2-K, CS-2-K, LE-2-K, ME-2-K, MK-2-K, PG-2-K)",NULL
312313,MANUFACTURING TECHNOLOGY,"AE2K, ME2K, MK2K, MRT2K, PG2K","MPR-TH (AE-2-K, ME-2-K, MK-2-K, PG-2-K)",NULL
312338,BUILDING MATERIAL AND CONSTRUCTION,"CE2K, CR2K, CS2K, LE2K","BMC-TH (CE-2-K, CR-2-K, CS-2-K, LE-2-K)",BMC-TH
312339,SURVEYING,"AL2K, CE2I, CE2K, CR2K, CS2K, LE2K","SUY-TH (AL-2-K, CE-2-K, CR-2-K, CS-2-K)",NULL
313301,DATA STRUCTURE USING C,"BD3K, CM3K, CO3K, CW3K, HA3K, IF3K, IH3K","DSU-TH (BD-3-K, CM-3-K, CO-3-K, CW-3-K, HA-3-K, IF-3-K, IH-3-K)",DSU-TH
313302,DATABASE MANAGEMENT SYSTEM,"AI3K, AN3K, BD3K, CM3K, CO3K, CW3K, IF3K, IH3K, TE3K","DMS-TH (AI-3-K, AN-3-I, AN-3-K, BD-3-I, BD-3-K, CM-3-I, CM-3-K, CO-3-C, CO-3-G, CO-3-I, CO-3-K, CW-3-I, CW-3-K, DS-3-K, HA-3-I, HA-3-K, IF-3-K, IH-3-I, IH-3-K, TE-3-I, TE-3-K)",DMS-TH
313303,DIGITAL TECHNIQUES,"AI3K, AN3K, AO3K, CM3K, CO3K, CW3K, DE3K, EJ3K, ET3K, EX3K, HA3K, IC3K, IE3K, IS3K, MU3K, PEJ3F, SE3K, TE3K","DTE-TH (AI-3-K, AN-3-I, AN-3-K, AO-3-I, AO-3-K, CM-3-C, CM-3-I, CM-3-K, CO-3-E, CO-3-G, CO-3-I, CO-3-K, CW-3-I, CW-3-K, DE-3-K, DS-3-K, EJ-3-E, EJ-3-G, EJ-3-I, EJ-3-K, ET-2-A, ET-3-I, ET-3-K, EX-3-I, EX-3-K, HA-3-I, HA-3-K, IC-3-I, IC-3-K, IE-3-I, IE-3-K, IS-3-I, IS-3-K, MU-3-I, MU-3-K, PEJ-3-F, TE-3-I, TE-3-K)",NULL
313304,OBJECT ORIENTED PROGRAMMING USING C++,"BD3K, CM3K, CO3K, CW3K, HA3K, IF3K, IH3K, TE3K","OOP-TH (BD-3-I, BD-3-K, CM-3-I, CM-3-K, CO-3-I, CO-3-K, CW-3-I, CW-3-K, HA-3-I, HA-3-K, IF-3-I, IF-3-K, IH-3-I, IH-3-K, TE-3-K)",OOP-TH
313308,STRENGTH OF MATERIALS,"AE3K, CE3K, CR3K, CS3K, LE3K, ME3K, PCE4F, PG3K, PME3F","SOM-TH (AE-3-G, AE-3-I, AE-3-K, AL-3-K, CE-3-K, CR-3-K, CS-3-K, LE-3-K, ME-3-C, ME-3-E, ME-3-G, ME-3-I, ME-3-K, PG-3-I, PG-3-K, PME-3-F)",NULL
313309,FLUID MECHANICS AND MACHINERY,"ME3K, PME4F","FMM-TH (ME-3-K, ME-4-C, ME-4-E, ME-4-G, ME-4-I)",NULL
313310,THERMAL ENGINEERING,"ME3K, PG4K, PME3F","TEG-TH (ME-3-K, PME-3-F), TEN-TH (ME-3-I, PG-3-I)",NULL
313311,PRODUCTION DRAWING,"ME3K, MK3K, PG3K, PME3F","PDR-TH (ME-3-K, MK-3-K, PG-3-K, PME-3-F)",PDR-TH
313313,THEORY OF MACHINES,"AE3K, ME4K, MK4K, PG4K, PME5F","TOM-TH (AE-3-K, AE-4-I, ME-4-C, ME-4-E, ME-4-G, ME-4-I)",NULL
313316,METROLOGY AND MEASUREMENT,"ME4K, PG3K, PME4F",NULL,NULL
313318,ANALOG AND DIGITAL ELECTRONICS,MK3K,ADE-TH (MK-3-K),ADE-TH
313319,INDUSTRIAL MEASUREMENTS,MK3K,IME-TH (MK-3-K),IME-TH
313320,ELEMENTS OF ELECTRICAL ENGINEERING,MK3K,"EEC-TH (AN-2-I, AO-2-I, BD-2-I, CM-2-I, CO-2-I, CW-2-I, EJ-2-I, ET-2-I, EX-2-I, HA-2-I, IC-2-I, IE-2-I, IF-2-I, IH-2-I, IS-2-I, TE-2-I), EEE-TH (MK-3-K)",EEE-TH
313321,ADVANCED SURVEYING,"CE3K, CR3K, CS3K, LE3K, PCE3F","ASU-TH (CE-3-I, CE-3-K, CR-3-I, CR-3-K, CS-3-I, CS-3-K, LE-3-I, LE-3-K, PCE-3-F)",ASU-TH
313322,CONCRETE TECHNOLOGY,"CE3K, CR3K, CS3K, LE3K, PCE3F","CTE-TH (CE-3-I, CE-3-K, CR-3-I, CR-3-K, CS-3-I, CS-3-K, LE-3-I, LE-3-K, PCE-3-F)",CTE-TH
313323,HIGHWAY ENGINEERING,"CE3K, CR3K, CS3K, LE3K, PCE3F","HEN-TH (CE-3-I, CE-3-K, CR-3-I, CR-3-K, CS-3-I, CS-3-K, LE-3-I, LE-3-K, PCE-3-F)",HEN-TH
313332,ELECTRICAL CIRCUITS AND NETWORK,"EE3K, EP3K, PEE3F","ECN-TH (EE-3-K, EP-3-K, PEE-3-F)",ECN-TH
313333,"ELECTRICAL POWER GENERATION,TRANSMISSION AND DISTRIBUTION","EE3K, EK3K, EP3K, PEE3F","GTD-TH (EE-3-K, EP-3-K, PEE-3-F)",NULL
313334,ELECTRICAL AND ELECTRONIC MEASUREMENT,"EE3K, EP3K, PEE3F","EEM-TH (EE-3-K, EP-3-K, PEE-3-F)",EEM-TH
313335,FUNDAMENTALS OF POWER ELECTRONICS,"EE3K, EP3K, PEE4F","FPE-TH (EE-3-I, EE-3-K, EP-3-I, EP-3-K, IE-3-I)",NULL
314303,HYDRAULICS,"AL4K, CE4K, CR4K, CS4K, LE4K, PCE5F","HRY-TH (AL-4-I, CE-3-N, CE-4-C, CE-4-E, CE-4-G, CE-4-I, CR-4-I, CS-4-I, LE-4-I), HYD-TH (CE-3-S)",NULL
314312,"RAILWAY, BRIDGE AND TUNNEL ENGINEERING","CE4K, CR4K, CS4K, LE4K, PCE4F",NULL,NULL
314313,"ESTIMATING, COSTING AND VALUATION","CE4K, CR4K, CS4K, LE4K, PCE6F",NULL,NULL
314314,WATER AND WASTEWATER ENGINEERING,"CE4K, CR4K, CS4K, LE4K, PCE5F",NULL,NULL
314315,GEOTECHNICAL ENGINEERING,"CE4K, CR4K, CS4K, LE4K, PCE4F",NULL,NULL
314317,JAVA PROGRAMMING,"AI4K, AN4K, BD4K, CM4K, CO4K, CW4K, DS4K, HA4K, IF4K, IH4K, SE4K, TE4K","JPR-TH (AN-4-I, BD-4-I, CM-4-I, CO-4-I, CW-4-I, HA-4-I, IF-4-I, IH-4-I, TE-4-I)",NULL
314318,DATA COMMUNICATION AND COMPUTER NETWORK,"AI4K, AN4K, BD4K, CM4K, CO4K, CW4K, DS4K, HA4K, IF4K, IH4K, SE4K","DCC-TH (AN-4-I, CM-4-I, CO-4-G, CO-4-I, CW-4-I, HA-4-I, IH-4-I)",NULL
314321,MICROPROCESSOR PROGRAMMING,"AI4K, AN4K, CM4K, CO4K, CW4K, DS4K, HA4K, SE4K",NULL,NULL
314322,D.C. MACHINES AND TRANSFORMERS,"EE4K, EK4K, EP4K, PEE4F",NULL,NULL
314323,UTILIZATION OF ELECTRICAL ENERGY,"EE4K, EP4K, PEE6F","UEE-TH (EE-6-I, EP-6-I)",NULL
314324,DIGITAL ELECTRONICS AND MICROCONTROLLER APPLICATIONS,"EE4K, EG7G, EP4K, PEE5F",NULL,NULL
314325,ELECTRICAL ESTIMATING AND CONTRACTING,"EE4K, EP4K, PEE5F",NULL,NULL
314337,CONTROL SYSTEMS,MK4K,CSS-TH (MK-4-I),NULL
314338,EMBEDDED SYSTEM USING C,MK4K,NULL,NULL
314339,FLUID POWER AND INDUSTRIAL AUTOMATION,"MG7G, MK4K",NULL,NULL
314340,PRODUCTION PROCESSES,"ME4K, PG4K, PME4F","MPR-TH (ME-4-C, ME-4-E, ME-4-G, ME-4-I)",NULL
314341,ADVANCED ENGINE TECHNOLOGIES,AE4K,NULL,NULL
315313,THEORY OF STRUCTURE,"CE5K, CR5K, LE5K","TOS-TH (AA-3-K, AT-3-K, IX-3-K, IZ-3-K)",NULL
315316,ENERGY CONSERVATION & GREEN BUILDING,CE5K,NULL,NULL
315321,ADVANCE COMPUTER NETWORK,"CM5K, CO5K, CW5K, IF5K",NULL,NULL
315323,SOFTWARE ENGINEERING,"CM5K, CO5K, CW5K","SEN-TH (AN-4-I, BD-4-I, CM-4-I, CO-4-I, CW-4-I, HA-4-I, IF-4-I, IH-4-I, TE-4-I)",NULL
315334,SWITCHGEAR AND PROTECTION,"EE5K, EP5K","SAP-TH (EE-5-C, EE-5-E, EE-5-G, EE-5-I, EP-5-I)",NULL
315337,RENEWABLE ENERGY TECHNOLOGY,EE5K,RET-TH (ME-6-I),NULL
315375,TRANSPORT MANAGEMENT AND MOTOR VEHICLE ACT,AE5K,TMM-TH (AE-5-I),NULL
315376,ADVANCES IN AUTOMOTIVE TECHNOLOGIES,AE5K,NULL,NULL
315377,AUTOMOBILE BODY ENGINEERING AND SAFETY,AE5K,NULL,NULL
316307,CONTRACTS AND BILLING,"CE6K, CR6K, CS6K, LE6K",NULL,NULL
316308,DESIGN OF RCC AND STEEL STRUCTURES,"CE6K, CR6K, CS6K, LE6K",NULL,NULL
316309,MAINTENANCE AND REPAIRS OF STRUCTURES,"CE6K, CR6K, CS6K, LE6K, PCE6F","MRS-TH (CE-6-I, CR-6-I, CS-6-I)",NULL
316312,SOLID WASTE MANAGEMENT,"CE6K, CR6K, LE6K","SWM-TH (CE-6-G, CE-6-I, CR-6-I)",NULL
316314,SOFTWARE TESTING,"CM6K, CO6K, CW6K, HA6K, IH6K","STE-TH (CM-5-I, CO-5-I, CW-5-I, IH-5-I, TE-5-I)",NULL
316316,MACHINE LEARNING,"CM6K, CO6K, CW6K, HA6K, IF6K",NULL,NULL
316327,ENERGY CONSERVATION AND AUDIT,"EE6K, EP6K, PEE6F",NULL,NULL
316328,MAINTENANCE OF ELECTRICAL EQUIPMENTS,"EE6K, EP6K",NULL,NULL
316330,INDUSTRIAL DRIVES AND CONTROL,EE6K,NULL,NULL
316346,AUTOMOBILE COMPONENT DESIGN,AE6K,"ACD-TH (AE-5-E, AE-5-G, AE-5-I)",NULL
316347,AUTOMOBILE HYDRAULIC AND PNEUMATIC CONTROL SYSTEMS,AE6K,NULL,NULL
316349,AUTOMOBILE AIR CONDITIONING,AE6K,AAC-TH (AE-6-I),NULL
316357,DESIGN OF MACHINE ELEMENTS,"ME6K, PG6K",NULL,NULL
316362,INDUSTRIAL ENGINEERING AND QUALITY CONTROL,"ME6K, PME6F",IEQ-TH (ME-6-I),NULL
316363,INDUSTRIAL HYDRAULICS AND PNEUMATICS,"ME6K, PME6F",NULL,NULL
316364,ALTERNATIVE ENERGY SOURCES AND ENERGY MANAGEMENT,ME6K,NULL,NULL
